<?xml version="1.0" encoding="UTF-8" ?>
<!DOCTYPE mapper PUBLIC "-//mybatis.org//DTD Mapper 3.0//EN" "http://mybatis.org/dtd/mybatis-3-mapper.dtd" >
<mapper namespace="com.zhaowei.cms.dao.CategoryMapper" >
  <resultMap id="BaseResultMap" type="com.zhaowei.cms.domain.Category" >
    <id column="id" property="id" jdbcType="INTEGER" />
    <result column="name" property="name" jdbcType="VARCHAR" />
    <result column="channel_id" property="channelId" jdbcType="INTEGER" />
  </resultMap>
  <sql id="Base_Column_List" >
    id, name, channel_id
  </sql>
  
   <select id="selectsByChannelId" resultMap="BaseResultMap">
  
  select * from cms_category where channel_id=#{cid}
  
  </select>
  
  <select id="selectByPrimaryKey" resultMap="BaseResultMap" parameterType="java.lang.Integer" >
    select 
    <include refid="Base_Column_List" />
    from cms_category
    where id = #{id,jdbcType=INTEGER}
  </select>
  <delete id="deleteByPrimaryKey" parameterType="java.lang.Integer" >
    delete from cms_category
    where id = #{id,jdbcType=INTEGER}
  </delete>
  <insert id="insert" parameterType="com.zhaowei.cms.domain.Category" >
    insert into cms_category (id, name, channel_id
      )
    values (#{id,jdbcType=INTEGER}, #{name,jdbcType=VARCHAR}, #{channelId,jdbcType=INTEGER}
      )
  </insert>
  <insert id="insertSelective" parameterType="com.zhaowei.cms.domain.Category" >
    insert into cms_category
    <trim prefix="(" suffix=")" suffixOverrides="," >
      <if test="id != null" >
        id,
      </if>
      <if test="name != null" >
        name,
      </if>
      <if test="channelId != null" >
        channel_id,
      </if>
    </trim>
    <trim prefix="values (" suffix=")" suffixOverrides="," >
      <if test="id != null" >
        #{id,jdbcType=INTEGER},
      </if>
      <if test="name != null" >
        #{name,jdbcType=VARCHAR},
      </if>
      <if test="channelId != null" >
        #{channelId,jdbcType=INTEGER},
      </if>
    </trim>
  </insert>
  <update id="updateByPrimaryKeySelective" parameterType="com.zhaowei.cms.domain.Category" >
    update cms_category
    <set >
      <if test="name != null" >
        name = #{name,jdbcType=VARCHAR},
      </if>
      <if test="channelId != null" >
        channel_id = #{channelId,jdbcType=INTEGER},
      </if>
    </set>
    where id = #{id,jdbcType=INTEGER}
  </update>
  <update id="updateByPrimaryKey" parameterType="com.zhaowei.cms.domain.Category" >
    update cms_category
    set name = #{name,jdbcType=VARCHAR},
      channel_id = #{channelId,jdbcType=INTEGER}
    where id = #{id,jdbcType=INTEGER}
  </update>
</mapper>