<?xml version="1.0" encoding="UTF-8" ?>
<!DOCTYPE mapper PUBLIC "-//mybatis.org//DTD Mapper 3.0//EN" "http://mybatis.org/dtd/mybatis-3-mapper.dtd" >
<mapper namespace="com.zhaowei.cms.dao.ChannelMapper" >
  <resultMap id="BaseResultMap" type="com.zhaowei.cms.domain.Channel" >
    <id column="id" property="id" jdbcType="INTEGER" />
    <result column="name" property="name" jdbcType="VARCHAR" />
    <result column="description" property="description" jdbcType="VARCHAR" />
    <result column="icon" property="icon" jdbcType="VARCHAR" />
  </resultMap>
  <sql id="Base_Column_List" >
    id, name, description, icon
  </sql>
  <select id="selects" resultMap="BaseResultMap">
  	select * from cms_channel
  </select>
  <select id="selectByPrimaryKey" resultMap="BaseResultMap" parameterType="java.lang.Integer" >
    select 
    <include refid="Base_Column_List" />
    from cms_channel
    where id = #{id,jdbcType=INTEGER}
  </select>
  <delete id="deleteByPrimaryKey" parameterType="java.lang.Integer" >
    delete from cms_channel
    where id = #{id,jdbcType=INTEGER}
  </delete>
  <insert id="insert" parameterType="com.zhaowei.cms.domain.Channel" >
    insert into cms_channel (id, name, description, 
      icon)
    values (#{id,jdbcType=INTEGER}, #{name,jdbcType=VARCHAR}, #{description,jdbcType=VARCHAR}, 
      #{icon,jdbcType=VARCHAR})
  </insert>
  <insert id="insertSelective" parameterType="com.zhaowei.cms.domain.Channel" >
    insert into cms_channel
    <trim prefix="(" suffix=")" suffixOverrides="," >
      <if test="id != null" >
        id,
      </if>
      <if test="name != null" >
        name,
      </if>
      <if test="description != null" >
        description,
      </if>
      <if test="icon != null" >
        icon,
      </if>
    </trim>
    <trim prefix="values (" suffix=")" suffixOverrides="," >
      <if test="id != null" >
        #{id,jdbcType=INTEGER},
      </if>
      <if test="name != null" >
        #{name,jdbcType=VARCHAR},
      </if>
      <if test="description != null" >
        #{description,jdbcType=VARCHAR},
      </if>
      <if test="icon != null" >
        #{icon,jdbcType=VARCHAR},
      </if>
    </trim>
  </insert>
  <update id="updateByPrimaryKeySelective" parameterType="com.zhaowei.cms.domain.Channel" >
    update cms_channel
    <set >
      <if test="name != null" >
        name = #{name,jdbcType=VARCHAR},
      </if>
      <if test="description != null" >
        description = #{description,jdbcType=VARCHAR},
      </if>
      <if test="icon != null" >
        icon = #{icon,jdbcType=VARCHAR},
      </if>
    </set>
    where id = #{id,jdbcType=INTEGER}
  </update>
  <update id="updateByPrimaryKey" parameterType="com.zhaowei.cms.domain.Channel" >
    update cms_channel
    set name = #{name,jdbcType=VARCHAR},
      description = #{description,jdbcType=VARCHAR},
      icon = #{icon,jdbcType=VARCHAR}
    where id = #{id,jdbcType=INTEGER}
  </update>
</mapper>