<?xml version="1.0" encoding="UTF-8" ?>
<!DOCTYPE mapper PUBLIC "-//mybatis.org//DTD Mapper 3.0//EN" "http://mybatis.org/dtd/mybatis-3-mapper.dtd" >
<mapper namespace="com.zhaowei.cms.dao.CommentMapper" >

 <resultMap type="comment" id="commentResultMap">
  <id column="id" property="id"/>
  <result column="content" property="content"/>
  <result column="created" property="created"/>
  <!-- 文章对象 -->
 <association property="article" javaType="article" select="com.zhaowei.cms.dao.ArticleMapper.selectByPrimaryKey" column="article_id"></association>
  <!-- 用户对象 -->
   <association property="user" javaType="user" select="com.zhaowei.cms.dao.UserMapper.selectByPrimaryKey" column="user_id"></association>
  
 </resultMap>
  <select id="selects" resultMap="commentResultMap">
  
  select c.*,u.nickname from cms_comment c left join cms_user u on c.user_id = u.id 
  where c.article_id=#{articleId}
  
  order by c.created desc
  
  </select>
  
    <select id="selectsByUserId" resultMap="commentResultMap">
  
  select c.*,u.nickname from cms_comment c left join cms_user u on c.user_id = u.id 
  where c.user_id=#{userId} 
  
  order by c.created desc
  
  </select>
  
  
  <insert id="insert" >
  
  insert into cms_comment (user_id,article_id,content,created) values(#{user.id},#{article.id},#{content},#{created})
  
  </insert>
  
</mapper>