<?xml version="1.0" encoding="UTF-8" ?>
<!DOCTYPE mapper PUBLIC "-//mybatis.org//DTD Mapper 3.0//EN" "http://mybatis.org/dtd/mybatis-3-mapper.dtd" >
<mapper namespace="com.zhaowei.cms.dao.UserMapper" >
  <resultMap id="BaseResultMap" type="com.zhaowei.cms.domain.User" >
    <id column="id" property="id" jdbcType="INTEGER" />
    <result column="username" property="username" jdbcType="VARCHAR" />
    <result column="password" property="password" jdbcType="VARCHAR" />
    <result column="nickname" property="nickname" jdbcType="VARCHAR" />
    <result column="birthday" property="birthday" jdbcType="DATE" />
    <result column="gender" property="gender" jdbcType="INTEGER" />
    <result column="locked" property="locked" jdbcType="INTEGER" />
    <result column="created" property="created" jdbcType="TIMESTAMP" />
    <result column="updated" property="updated" jdbcType="TIMESTAMP" />
    <result column="role" property="role" jdbcType="VARCHAR" />
  </resultMap>
  <sql id="Base_Column_List" >
    id, username, password, nickname, birthday, gender, locked, created, updated, role
  </sql>
  <select id="selects" resultMap="BaseResultMap">
  	select * from cms_user
  	<where>
  		<if test="username!=''">
  			username like "%" #{username}"%"
  		</if>
  	</where>
  </select>
  	
  	<select id="selectByUsername" resultMap="BaseResultMap">
  		select * from cms_user where username =#{username}
  	</select>
  	
  	
	<select id="selectsByUsername" resultMap="BaseResultMap">
		select * from cms_user where username=#{username}
 	</select>
  <select id="selectByPrimaryKey" resultMap="BaseResultMap" parameterType="java.lang.Integer" >
    select 
    <include refid="Base_Column_List" />
    from cms_user
    where id = #{id,jdbcType=INTEGER}
  </select>
  <delete id="deleteByPrimaryKey" parameterType="java.lang.Integer" >
    delete from cms_user
    where id = #{id,jdbcType=INTEGER}
  </delete>
  <insert id="insert" parameterType="com.zhaowei.cms.domain.User" >
    insert into cms_user (id, username, password, 
      nickname, birthday, gender, 
      locked, created, updated, 
      role)
    values (#{id,jdbcType=INTEGER}, #{username,jdbcType=VARCHAR}, #{password,jdbcType=VARCHAR}, 
      #{nickname,jdbcType=VARCHAR}, #{birthday,jdbcType=DATE}, #{gender,jdbcType=INTEGER}, 
      #{locked,jdbcType=INTEGER}, #{created,jdbcType=TIMESTAMP}, #{updated,jdbcType=TIMESTAMP}, 
      #{role,jdbcType=VARCHAR})
  </insert>
  <insert id="insertSelective" parameterType="com.zhaowei.cms.domain.User" >
    insert into cms_user
    <trim prefix="(" suffix=")" suffixOverrides="," >
      <if test="id != null" >
        id,
      </if>
      <if test="username != null" >
        username,
      </if>
      <if test="password != null" >
        password,
      </if>
      <if test="nickname != null" >
        nickname,
      </if>
      <if test="birthday != null" >
        birthday,
      </if>
      <if test="gender != null" >
        gender,
      </if>
      <if test="locked != null" >
        locked,
      </if>
      <if test="created != null" >
        created,
      </if>
      <if test="updated != null" >
        updated,
      </if>
      <if test="role != null" >
        role,
      </if>
    </trim>
    <trim prefix="values (" suffix=")" suffixOverrides="," >
      <if test="id != null" >
        #{id,jdbcType=INTEGER},
      </if>
      <if test="username != null" >
        #{username,jdbcType=VARCHAR},
      </if>
      <if test="password != null" >
        #{password,jdbcType=VARCHAR},
      </if>
      <if test="nickname != null" >
        #{nickname,jdbcType=VARCHAR},
      </if>
      <if test="birthday != null" >
        #{birthday,jdbcType=DATE},
      </if>
      <if test="gender != null" >
        #{gender,jdbcType=INTEGER},
      </if>
      <if test="locked != null" >
        #{locked,jdbcType=INTEGER},
      </if>
      <if test="created != null" >
        #{created,jdbcType=TIMESTAMP},
      </if>
      <if test="updated != null" >
        #{updated,jdbcType=TIMESTAMP},
      </if>
      <if test="role != null" >
        #{role,jdbcType=VARCHAR},
      </if>
    </trim>
  </insert>
  <update id="updateByPrimaryKeySelective" parameterType="com.zhaowei.cms.domain.User" >
    update cms_user
    <set >
      <if test="username != null" >
        username = #{username,jdbcType=VARCHAR},
      </if>
      <if test="password != null" >
        password = #{password,jdbcType=VARCHAR},
      </if>
      <if test="nickname != null" >
        nickname = #{nickname,jdbcType=VARCHAR},
      </if>
      <if test="birthday != null" >
        birthday = #{birthday,jdbcType=DATE},
      </if>
      <if test="gender != null" >
        gender = #{gender,jdbcType=INTEGER},
      </if>
      <if test="locked != null" >
        locked = #{locked,jdbcType=INTEGER},
      </if>
      <if test="created != null" >
        created = #{created,jdbcType=TIMESTAMP},
      </if>
      <if test="updated != null" >
        updated = #{updated,jdbcType=TIMESTAMP},
      </if>
      <if test="role != null" >
        role = #{role,jdbcType=VARCHAR},
      </if>
    </set>
    where id = #{id,jdbcType=INTEGER}
  </update>
  <update id="updateByPrimaryKey" parameterType="com.zhaowei.cms.domain.User" >
    update cms_user
    set username = #{username,jdbcType=VARCHAR},
      password = #{password,jdbcType=VARCHAR},
      nickname = #{nickname,jdbcType=VARCHAR},
      birthday = #{birthday,jdbcType=DATE},
      gender = #{gender,jdbcType=INTEGER},
      locked = #{locked,jdbcType=INTEGER},
      created = #{created,jdbcType=TIMESTAMP},
      updated = #{updated,jdbcType=TIMESTAMP},
      role = #{role,jdbcType=VARCHAR}
    where id = #{id,jdbcType=INTEGER}
  </update>
</mapper>