<?xml version="1.0" encoding="UTF-8"?>
<beans xmlns="http://www.springframework.org/schema/beans"
	xmlns:xsi="http://www.w3.org/2001/XMLSchema-instance"
	xmlns:aop="http://www.springframework.org/schema/aop"
	xmlns:context="http://www.springframework.org/schema/context"
	xmlns:tx="http://www.springframework.org/schema/tx"
	xsi:schemaLocation="http://www.springframework.org/schema/beans http://www.springframework.org/schema/beans/spring-beans.xsd
		http://www.springframework.org/schema/context http://www.springframework.org/schema/context/spring-context-4.3.xsd
		http://www.springframework.org/schema/aop http://www.springframework.org/schema/aop/spring-aop-4.3.xsd
		http://www.springframework.org/schema/tx http://www.springframework.org/schema/tx/spring-tx-4.3.xsd">



	<!-- 1、注解扫描器 -->
	<context:component-scan base-package="com.zhaowei.cms" >
		<!-- 排除要要扫描的controller -->
		<context:exclude-filter type="annotation"
			expression="org.springframework.stereotype.Controller" />

	</context:component-scan>

	<!--2、 指定外部属性文件的位置 -->
	<context:property-placeholder
		location="classpath:db.properties" />

	<!-- 3.使用druid数据源 连接池 -->
	<bean id="dataSource" 
		class="com.alibaba.druid.pool.DruidDataSource">
		<property name="driverClassName" value="${jdbc.driver}">
		</property>
		<property name="url" value="${jdbc.url}">
		</property>
		<property name="username" value="${jdbc.username}">
		</property>
		<property name="password" value="${jdbc.password}">
		</property>
	</bean>


	<!--4、 配置mybatis SqlSessionFactory -->
	<bean id="sqlSessionFactory"
		class="org.mybatis.spring.SqlSessionFactoryBean" scope="singleton" autowire="default">
		<!-- 注入数据源 -->
		<property name="dataSource" ref="dataSource"></property>
		<!-- 关联mybatis配置文件 -->
		<property name="configLocation" value="classpath:mybatis.xml"></property>
	</bean>

	<!--5、 配置jdbc事务管理器 -->
	<bean id="transactionManager"
		class="org.springframework.jdbc.datasource.DataSourceTransactionManager">
		<property name="dataSource" ref="dataSource"></property>
	</bean>



	<!--6、 配置事务 transaction-manager:表示关联的事务管理器是谁 -->
	<tx:advice transaction-manager="transactionManager"
		id="txAdvice">
		<!-- 事务属性配置 -->
		<tx:attributes>
			<!-- 以find.select get开头的方法为只读事务，用来提高数据库的性能 -->
			<tx:method name="find*" read-only="true" />
			<tx:method name="select*" read-only="true" />
			<tx:method name="get*" read-only="true" />
			<tx:method name="load*" read-only="true" />
			<tx:method name="list*" read-only="true" />
			<!-- 其他的方法为默认事务 -->
			<tx:method name="*" propagation="REQUIRED" />
		</tx:attributes>
	</tx:advice>
	<!-- 7、配置aop -->
	<aop:config>
		<!-- 配置切点表达式 -->
		<aop:pointcut
			expression="execution(* com.zhaowei.cms.service.impl.*.*(..))" id="pointcut" />
		<!-- 关联事务 -->
		<aop:advisor advice-ref="txAdvice" pointcut-ref="pointcut" />

	</aop:config>

	<!--8 扫描mapper -->

	<bean class="org.mybatis.spring.mapper.MapperScannerConfigurer">
		<!-- basePackage :mapper接口所在的包 -->
		<property name="basePackage" value="com.zhaowei.cms.dao"></property>

	</bean>

</beans>
